{"cameraMode":{"drawMode":0,"name":"Shaded","section":"Shading Mode"},"sceneLighting":false,"audioPlay":false,"sceneViewState":{"m_AlwaysRefresh":false,"showFog":true,"showSkybox":false,"showFlares":true,"showImageEffects":true,"showParticleSystems":true,"showVisualEffectGraphs":true,"m_FxEnabled":true},"in2DMode":false,"pivot":{"x":-0.5462690591812134,"y":0.5029516816139221,"z":-3.1404147148132326},"rotation":{"x":0.22011925280094148,"y":0.08916080743074417,"z":-0.019941112026572229,"w":0.9710367918014526},"size":14.260375022888184,"orthographic":true}