{"cameraMode":{"drawMode":0,"name":"Shaded","section":"Shading Mode"},"sceneLighting":true,"audioPlay":false,"sceneViewState":{"m_AlwaysRefresh":false,"showFog":true,"showSkybox":true,"showFlares":true,"showImageEffects":true,"showParticleSystems":true,"showVisualEffectGraphs":true,"m_FxEnabled":true},"in2DMode":false,"pivot":{"x":-0.5645694732666016,"y":-4.025062561035156,"z":19.335838317871095},"rotation":{"x":0.18976791203022004,"y":0.6595163941383362,"z":-0.17743222415447236,"w":0.7053781747817993},"size":11.411661148071289,"orthographic":false}