{"cameraMode":{"drawMode":0,"name":"Shaded","section":"Shading Mode"},"sceneLighting":true,"audioPlay":false,"sceneViewState":{"m_AlwaysRefresh":false,"showFog":true,"showSkybox":true,"showFlares":true,"showImageEffects":true,"showParticleSystems":true,"showVisualEffectGraphs":true,"m_FxEnabled":true},"in2DMode":false,"pivot":{"x":-110.46479797363281,"y":52.45246124267578,"z":15.638397216796875},"rotation":{"x":0.3548114597797394,"y":0.036449577659368518,"z":-0.0138442637398839,"w":0.9341267943382263},"size":42.196659088134769,"orthographic":false}