{"cameraMode":{"drawMode":0,"name":"Shaded","section":"Shading Mode"},"sceneLighting":true,"audioPlay":false,"sceneViewState":{"m_AlwaysRefresh":false,"showFog":true,"showSkybox":true,"showFlares":true,"showImageEffects":true,"showParticleSystems":true,"showVisualEffectGraphs":true,"m_FxEnabled":true},"in2DMode":false,"pivot":{"x":-16.109394073486329,"y":14.243857383728028,"z":25.10255241394043},"rotation":{"x":0.3176206648349762,"y":0.029560336843132974,"z":-0.009922071360051632,"w":0.9476504921913147},"size":3.0460197925567629,"orthographic":false}