{"cameraMode":{"drawMode":0,"name":"Shaded","section":"Shading Mode"},"sceneLighting":true,"audioPlay":false,"sceneViewState":{"m_AlwaysRefresh":false,"showFog":true,"showSkybox":true,"showFlares":true,"showImageEffects":true,"showParticleSystems":true,"showVisualEffectGraphs":true,"m_FxEnabled":true},"in2DMode":false,"pivot":{"x":-169.080810546875,"y":45.44459533691406,"z":46.252750396728519},"rotation":{"x":0.46422913670539858,"y":-0.026564190164208413,"z":0.01393105648458004,"w":0.8852072358131409},"size":65.12273406982422,"orthographic":true}