{"cameraMode":{"drawMode":0,"name":"Shaded","section":"Shading Mode"},"sceneLighting":true,"audioPlay":false,"sceneViewState":{"m_AlwaysRefresh":false,"showFog":true,"showSkybox":true,"showFlares":true,"showImageEffects":true,"showParticleSystems":true,"showVisualEffectGraphs":true,"m_FxEnabled":true},"in2DMode":false,"pivot":{"x":-9.467451095581055,"y":-3.5945987701416017,"z":16.940004348754884},"rotation":{"x":0.2747822105884552,"y":-0.07777950912714005,"z":0.022310445085167886,"w":0.9580800533294678},"size":19.35282325744629,"orthographic":false}