{"cameraMode":{"drawMode":0,"name":"Shaded","section":"Shading Mode"},"sceneLighting":false,"audioPlay":false,"sceneViewState":{"m_AlwaysRefresh":false,"showFog":true,"showSkybox":false,"showFlares":true,"showImageEffects":true,"showParticleSystems":true,"showVisualEffectGraphs":true,"m_FxEnabled":true},"in2DMode":false,"pivot":{"x":-10.330662727355957,"y":-3.9007716178894045,"z":-19.582216262817384},"rotation":{"x":0.0010008519748225809,"y":-0.9976810812950134,"z":-0.06644415110349655,"w":-0.015059606172144413},"size":16.83154296875,"orthographic":false}